V1005,year,cluster_label
01143515823954564425,2016,3
01143515823954564425,2016,3
01450292685880563465,2016,2
01470265359135563265,2016,3
01535203496810565699,2016,0
01713908560280563692,2016,1
01743958458734563292,2016,3
01863958134000568292,2016,1
01944199342936565984,2016,2
07001384759369568215,2016,0
07003558490986568225,2016,2
07003984284080568292,2016,3
07004184616160588284,2016,3
07011625827960564503,2016,3
07104615453112563833,2016,0
07273558460186565625,2016,0
07293992169316568292,2016,2
07344603589060565633,2016,2
07454192685856563484,2016,3
07561303085048563815,2016,1
07666815491921564958,2016,3
07750225528843563465,2016,3
07784665237060584933,2016,3
07904165359693564584,2016,3
07931633464261565903,2016,1
07931633464261565903,2016,0
07935299498657565999,2016,0
07973525466743564925,2016,0
09003958169345568292,2016,0
09010258680657564565,2016,0
09010292356962564565,2016,0
09011658982765564503,2016,0
09013558776920564525,2016,3
09103915315049563892,2016,1
09265299498794563299,2016,1
09286892494484564458,2016,2
09341333573803565615,2016,1
09341399415541565615,2016,0
09380258130699584565,2016,0
09483992526042564492,2016,1
09670208989703563665,2016,0
09671608020518563603,2016,1
09694133386877565684,2016,3
09696899413033565658,2016,2
09736803417891563658,2016,0
09751325591328563415,2016,2
09771308417592563815,2016,0
09771915135044583808,2016,2
09783965327129564992,2016,0
09800233525133563665,2016,0
09801303590279563615,2016,2
09813525175631563425,2016,0
09813525495603563425,2016,2
09813925561379563492,2016,3
09871699492696563203,2016,0
09961903056800565608,2016,1
12034692356383563421,2016,0
12084158343663568257,2016,0
12110215563567563894,2016,1
12151303363015565653,2016,1
12151399193000565653,2016,3
12153533369021565676,2016,1
12181603022561565664,2016,3
12233558594633568276,2016,0
12235284410930568274,2016,3
12250215685326564594,2016,0
12253958133480564512,2016,1
12253958566927564512,2016,3
12300258523421564594,2016,1
12311392398892563453,2016,3
12313925165681563412,2016,0
12313925355603563412,2016,3
12313933381754563412,2016,0
12324699522658563221,2016,2
12326899443266563285,2016,2
12343933137696565612,2016,3
12344133689009565657,2016,3
12373558449126563276,2016,1
12376884417432563285,2016,0
12380292165373564594,2016,0
12453925381042563412,2016,3
12456815468556563485,2016,2
12456825461170563485,2016,3
12474199522636563257,2016,2
12490284383603568294,2016,0
12491384366179568253,2016,0
12491684592290568264,2016,0
12491958329301568289,2016,1
12493584596133568276,2016,1
12510208455431564994,2016,1
12510265386780564994,2016,1
12514692345483564921,2016,1
12534103686862565657,2016,1
12560215453164563894,2016,0
12580203686435563894,2016,1
12586833026432563885,2016,2
12590265457331564994,2016,0
12616899460859565985,2016,0
12624665138292564921,2016,0
12636815460347563885,2016,2
12651999168942565989,2016,2
12841925388089564989,2016,0
12843565027150564976,2016,2
12921603466040564464,2016,0
12923915521467564412,2016,1
12924615131239564421,2016,1
12956892411263564485,2016,2
14003584820923568276,2016,2
14005284874010568274,2016,1
14011358501681564553,2016,0
14013958387933564512,2016,3
14043958162279568212,2016,2
14044684354090568221,2016,0
14243999689129563212,2016,3
14244184683736583257,2016,0
14261684594794563264,2016,3
14263599395267563276,2016,1
14281392596000564453,2016,0
14294658329368568221,2016,0
14323565029164563276,2016,0
14325299362466563274,2016,3
14360233250464565994,2016,1
14361933150056585989,2016,0
14361933520423565989,2016,1
14364633134985565921,2016,3
14365299448911565974,2016,0
14386808491557564585,2016,3
14444603459212564421,2016,1
14485233029583564474,2016,1
14493984688323568212,2016,0
14563515334364563876,2016,2
14563915030331563812,2016,0
14566815827573563885,2016,0
14601392021403564453,2016,0
14666825028059564985,2016,2
14666892021982564985,2016,1
14671908975123563689,2016,0
14695203399005565674,2016,1
14755292026361563474,2016,3
14771903133128563889,2016,0
14774608353158583821,2016,3
14781365447127564953,2016,0
14783565888291564976,2016,0
14784665457048564921,2016,1
14805208465136563674,2016,2
14811325206375563453,2016,0
14813592821150563476,2016,3
14821999355141563689,2016,0
14823503495733563676,2016,3
14823908686675563612,2016,2
14824108585985563657,2016,1
14831365390086565953,2016,1
14831665392312565964,2016,0
14836899020413565985,2016,1
14904665351836584521,2016,0
14961633820715565664,2016,2
14963503493037565676,2016,0
14966803410177565685,2016,1
14981665499668564564,2016,2
20025159040529293729,2016,0
20056214630920298253,2016,3
20077539091937294237,2016,3
20084478094304298888,2016,0
20122214474542295393,2016,2
20123225471929294229,2016,2
20264896300637292037,2016,0
20275825954528295382,2016,2
20336648437642292993,2016,0
20358989454529295329,2016,0
20571048091388299304,2016,3
20592144292253592020,2016,0
20608635190920298253,2016,0
20609926454729290429,2016,2
20790527199137292937,2016,3
20794434436329299329,2016,0
20797233434329298829,2016,3
20843851954142294293,2016,1
20862722280188294204,2016,0
20907996190604292088,2016,1
20909798434542295393,2016,0
22010258321899564565,2016,2
22013958561886564592,2016,3
22014158161624564584,2016,2
22041384399427568215,2016,0
22041958359444568208,2016,2
22046865493610568258,2016,2
22046884393678568258,2016,3
22100208686420563865,2016,1
22100215133167563865,2016,0
22101308443160563815,2016,1
22101615194340563803,2016,3
22101615823538583803,2016,1
22103915560380563892,2016,0
22171308418116563815,2016,2
22244684323744563233,2016,1
22246899362667563258,2016,0
22264158139161563284,2016,0
22424658169325568233,2016,3
22424658169325568233,2016,0
22481392599244584415,2016,3
22485233464885564499,2016,1
22506892391037563458,2016,1
22555265199666564599,2016,1
22601392026092564415,2016,3
22605292443917564499,2016,0
22666865497397564958,2016,0
22671603195738563603,2016,1
22674608529725563633,2016,1
22691665419015565603,2016,2
22691903382525585608,2016,0
22755208467709563499,2016,0
22756884197758563458,2016,2
22781365021979564915,2016,1
22781665416792564903,2016,0
22785265465490564999,2016,1
22814125381358563484,2016,0
22834115160457565984,2016,0
22961603393896565603,2016,3
22961903135569565608,2016,1
25021608463355564903,2016,3
25050225326791564965,2016,1
25064103456861565684,2016,3
25121933527208564408,2016,0
25161684462553565603,2016,3
25205292027722563499,2016,1
25216803195182563658,2016,0
25221633824153565903,2016,0
25226833020058565958,2016,0
25231358593669568215,2016,1
25284115564852564484,2016,0
25295208363661568299,2016,0
25371984383269563208,2016,3
25420258329335568265,2016,3
25421384364653568215,2016,1
25481615396009564403,2016,1
25540233385935563665,2016,0
25574625167392564933,2016,3
25641325411079563415,2016,3
25693933646853565692,2016,2
25733908130500563692,2016,1
25740292359159563265,2016,0
25801308335789563615,2016,0
25835299020055565999,2016,3
25873999683271563292,2016,0
25883599590382563825,2016,2
25901625399665564503,2016,1
25973925388089564992,2016,0
28010362951929294229,2016,0
28012767303088292804,2016,0
28013998911620292853,2016,0
28016107913088292804,2016,0
28043984384649588212,2016,3
28051244194553295320,2016,0
28080307094320298853,2016,3
28084159063093292842,2016,3
28123508466073564476,2016,2
28123508466073564476,2016,1
28123903166045564412,2016,0
28124615169511564421,2016,0
28216808828488563685,2016,1
28221096199588293704,2016,3
28221835439593293742,2016,0
28235258029313568274,2016,1
28235258029313568274,2016,3
28250598094737290437,2016,0
28300258356957564594,2016,0
28323539423388728204,2016,1
28353314954528295382,2016,1
28357850910953298220,2016,0
28383498066342299393,2016,2
28390781280537293737,2016,0
28399049634737290437,2016,0
28494972536228295382,2016,2
28531633396869565664,2016,1
28535233193002565674,2016,0
28536833822559565685,2016,2
28567814301953294220,2016,0
28571925131995564989,2016,3
28571925166708564989,2016,0
28571925523353564989,2016,2
28575150450629292029,2016,0
28580259786382299328,2016,3
28581251304588295304,2016,2
28600726950682292028,2016,0
28609496091653292820,2016,1
28615299464213565974,2016,0
28624196953093292842,2016,0
28641915161018563489,2016,3
28644115681336563457,2016,0
28670227959582293728,2016,0
28724941434628298282,2016,0
28743958165231563212,2016,3
28774115563574563857,2016,0
28834167503020292853,2016,0
28850203688121563894,2016,1
28851308823549563853,2016,0
28851933527568563889,2016,2
28855208393551563874,2016,0
28871834459593293742,2016,0
28875950454342298893,2016,0
28876027459129292929,2016,1
28876059439129292929,2016,3
28891684399481588264,2016,1
28893398474328298882,2016,1
28921207914388298804,2016,0
28922749880182594228,2016,2
28929905004529295329,2016,0
28940299520067565994,2016,0
28941933394915565989,2016,1
28956892191258564485,2016,1
29016062471929294229,2016,1
29238439093020292853,2016,1
29320878951393299342,2016,1
29329227474193294242,2016,2
29338105430982298228,2016,3
29344422096804292988,2016,3
29384478093604292888,2016,3
29484041933537290437,2016,0
29496001951929294229,2016,1
29497049301920294253,2016,3
29510398919520293753,2016,0
29580241064582295328,2016,0
29584889091537294237,2016,2
29586051061929294229,2016,0
29586051061929294229,2016,0
29586714196353299320,2016,0
29675901454729290429,2016,1
29676139434729290429,2016,3
29678696198020290453,2016,0
29735041194788290404,2016,0
29797867096353299320,2016,0
29863533194588295304,2016,1
29866681064542295393,2016,2
29868741917053295320,2016,2
29898651199520293753,2016,1
29909807951942294293,2016,3
30111308392020563815,2016,3
30141615449579564403,2016,3
30141992326015564408,2016,1
30143592591224564425,2016,3
30200215138837563465,2016,0
30204115358559563484,2016,3
30283592411273564425,2016,1
30294158164056568284,2016,0
30316833021319563458,2016,2
30430215457787563465,2016,0
30711933130534563608,2016,0
30714103566636563684,2016,3
30723592464857584425,2016,1
30796833469878565658,2016,0
30884608520312563833,2016,0
30981365022775564515,2016,0
36054665328201564933,2016,3
36064603383090565633,2016,1
36201692025676563403,2016,3
36201903685689563408,2016,1
36203965195613563458,2016,2
36204603165668563433,2016,0
36221633190083565903,2016,3
36225233414136565999,2016,2
36275265193877565699,2016,3
36291692463614568203,2016,0
36321984359189563208,2016,0
36323599397433583225,2016,3
36325299463778563299,2016,0
36344103359017565684,2016,2
36361933324101565908,2016,3
36383558491621564525,2016,0
36401992394974565925,2016,2
36403984130823565992,2016,0
36440292357224564465,2016,0
36441615463968564403,2016,3
36441692491272564403,2016,0
36443592824474564425,2016,2
36450225688580563465,2016,0
36451325361381563415,2016,1
36454692161368563433,2016,0
36455292468802563499,2016,1
36495258194658568299,2016,2
36496884449487568258,2016,1
36506892366359563458,2016,3
36545284135701563608,2016,0
36560215133103583865,2016,3
36561615390365563803,2016,3
36591665198030564903,2016,0
36731633465912563603,2016,0
36761358191642564515,2016,1
36821608196640563603,2016,2
36853515463570563825,2016,1
36853515463570563825,2016,0
36871958523249563208,2016,2
36891684394025568203,2016,0
36943933164120565992,2016,2
36971925358241564908,2016,0
36974133418246564903,2016,2
36974692521998564933,2016,0
36981658411679564503,2016,2
37011496474728290482,2016,3
37118639789128292982,2016,0
37128996301304299388,2016,0
37187025918020290453,2016,1
37189441914704290488,2016,0
37328122474304298888,2016,0
37380092300637292037,2016,0
37409067196337299337,2016,2
37580359094320208853,2016,0
37628751094653298220,2016,3
37670762431982294228,2016,3
37867062149120292953,2016,1
37943548090988298204,2016,0
38171315494320563815,2016,2
38201308395681563415,2016,1
38324184385263563284,2016,0
38325284192497563299,2016,2
38326884193259563258,2016,0
38361633198907565903,2016,3
38361999454939565908,2016,3
38363933354296565992,2016,0
38380265351684564565,2016,2
38385292463463564599,2016,3
38445215199288564499,2016,0
38454115168874563484,2016,3
38491384029374588215,2016,3
38543908386220563692,2016,3
38594192166726564984,2016,0
38723515591435564425,2016,3
38883533194581563825,2016,0
39071358193496564553,2016,0
39074692526960564521,2016,3
39076892411857564585,2016,0
39076892411857564585,2016,1
39090284684959565994,2016,0
39095299412965565974,2016,0
39096899414956565985,2016,3
39101615460348563864,2016,1
39111325026412563853,2016,0
39111608413144563864,2016,0
39116815192073563885,2016,0
39141392463927564453,2016,0
39144608524844564421,2016,0
39145292681269564489,2016,0
39431658418512563464,2016,1
39473933357469563212,2016,0
39475265023758563274,2016,3
39616833590410565985,2016,0
39621625027339564964,2016,3
39621925357018564989,2016,0
39623525418245564976,2016,1
39624665358248564921,2016,2
39701908340538563689,2016,1
39703508366221563676,2016,1
39711992685749563689,2016,0
39714192165797563657,2016,1
39791908687669565689,2016,0
39794103417695565664,2016,2
39861358398360568253,2016,1
39861658414061568264,2016,1
40120208359584564465,2016,3
40123933166064564492,2016,0
40125215199283564499,2016,1
40185203199084565699,2016,0
40314125161763563484,2016,0
40533558460132565625,2016,3
40533903527618565692,2016,3
40571625396728564903,2016,1
40574692351956564933,2016,3
40575225396763564999,2016,1
40604115163902564484,2016,0
40741984529912563208,2016,2
40743984522671563292,2016,0
40763558441699564525,2016,0
40763592026967564525,2016,1
40853508192020563825,2016,0
40855203190311563899,2016,1
40935233464197565999,2016,0
40941699444176565903,2016,1
40943984524119565992,2016,3
40944684130095565933,2016,2
40946858410097565958,2016,2
42010351880528723782,2016,0
42080205470682292028,2016,0
42189059474693298242,2016,1
42227207953029292829,2016,2
42278726090653292020,2016,0
42327241436329299329,2016,3
42344078938937298837,2016,3
42409805956393299342,2016,0
42489427090904298288,2016,0
42565996370129294229,2016,0
42596678479542293793,2016,1
42602651436382299328,2016,3
42672105194753290420,2016,1
42737448199188292904,2016,1
42909427094604298288,2016,3
42928449099120292953,2016,2
42975805376228295382,2016,0
44120208351274564494,2016,3
44121392193950564453,2016,1
44150203133831565694,2016,0
44176815198111563885,2016,1
44201365135684563494,2016,3
44205284685676563489,2016,2
44211908136669563689,2016,1
44221699168903565912,2016,2
44224684198923565953,2016,3
44253958353480564512,2016,0
44271308133874565694,2016,2
44274665523868565621,2016,3
44295265683618568289,2016,3
44323965688718563212,2016,0
44364133350892585957,2016,3
44364184132961565957,2016,0
44364633458994565921,2016,1
44380265352737564594,2016,3
44381665461638564564,2016,1
44383558462764564576,2016,3
44403508164962565957,2016,1
44403525024991565976,2016,0
44405203464994565974,2016,0
44426858366184568285,2016,1
44441603462855564464,2016,0
44451692411046563464,2016,3
44456892391324563485,2016,0
44491684364660568264,2016,0
44531903353012565689,2016,0
44546803197857563685,2016,2
44551608395379564564,2016,0
44553958383423564512,2016,3
44556825355346564521,2016,3
44566833020333563885,2016,2
44591665393394564964,2016,3
44594665527390564921,2016,1
44721392494427564453,2016,1
44721615416014564464,2016,3
44734603025945563653,2016,0
44761958161618564589,2016,2
44761958161618564589,2016,0
44824608166677563621,2016,1
44873515023233563276,2016,1
44874633523294563221,2016,3
44883984354531563812,2016,1
44883984684535563812,2016,0
44884699024515563853,2016,0
44981625193488564585,2016,1
44986825393488564585,2016,0
46074625353485564533,2016,3
46076865462726564558,2016,0
46091658392327565903,2016,3
46091999680418565908,2016,1
46111308464512563815,2016,0
46140215134881564465,2016,0
46141633411279564403,2016,0
46303558496970564525,2016,3
46431308028528563415,2016,1
46470284133778563265,2016,0
46471684393218563203,2016,0
46471999163242563208,2016,3
46473965163767563292,2016,2
46511325828203564915,2016,0
46531333410703565615,2016,0
46603915529216564492,2016,0
46623592418264564925,2016,3
46623925358081564992,2016,0
46624665687063564933,2016,2
46636815364533563858,2016,0
46670233165957563665,2016,0
46701608460261563603,2016,0
46710208165191563665,2016,0
46784665138217564933,2016,0
46790284133032565665,2016,0
46794699353865565633,2016,3
46796892197658565658,2016,2
46861958163615568208,2016,0
46865284414098568299,2016,0
46965233412568565699,2016,1
48023525391950564976,2016,0
48025265198230564974,2016,1
48134603044517563821,2016,2
48164184356862565657,2016,0
48331308396689563653,2016,0
48354692685812563421,2016,0
48354692685812563421,2016,3
48391303023981564453,2016,2
48411384023650568253,2016,0
48425258024659568274,2016,2
48520284685280563294,2016,0
48525299467492583274,2016,3
48584603524583563821,2016,1
48685258243453584574,2016,0
55003984453606568292,2016,0
55006865366133568258,2016,1
55040265564652568265,2016,1
55041358594692568215,2016,0
55041984459328568208,2016,1
55221933520092585908,2016,1
55261699498718563203,2016,0
55263584395254563225,2016,0
55264199169163563284,2016,0
55420225359333568265,2016,1
55424684688376568233,2016,3
55501625461034583403,2016,1
55601915343904564408,2016,2
55673999320235563692,2016,0
55690299347678565665,2016,3
55753592395667563425,2016,1
55774608388139563833,2016,0
55780292352175564965,2016,1
55781325442145564915,2016,0
55783592827064564925,2016,0
55783965457318564992,2016,3
60071658022796564564,2016,0
60090233134937565994,2016,1
60095258022938565974,2016,1
60111384166403563894,2016,0
60114115353147563857,2016,0
60146892029547564485,2016,2
60273933353875565612,2016,0
60283915523949564412,2016,3
60291665196592568264,2016,1
60401384460834565953,2016,0
60404199350836565957,2016,0
60430225166387563494,2016,1
60430299418584563474,2016,0
60433525191137563476,2016,3
60433992527708563412,2016,0
60434192135684563457,2016,2
60470299525220563294,2016,3
60471399394750563253,2016,3
60471992357427563289,2016,1
60473915467467563285,2016,0
60474184688747563257,2016,1
60476884415291563285,2016,3
60550258327973564594,2016,0
60626825417319564985,2016,0
60626892467067564985,2016,2
60710208325920563694,2016,0
60714103560251563657,2016,0
60791903522527565689,2016,2
60853515442075563876,2016,3
60853915355008563812,2016,3
60860258166152568294,2016,2
60861958522214568289,2016,0
60864184524040568257,2016,1
60864658162258568221,2016,3
60881608463506563864,2016,1
60943933452923565912,2016,0
60974692688228564921,2016,2
61061903562512565608,2016,2
61076865397962564558,2016,1
61096899414224565958,2016,0
61141392824415564415,2016,2
61171315024303563815,2016,0
61176815196459563858,2016,2
61204625528895563433,2016,3
61220233138603565965,2016,0
61271633029014565603,2016,2
61276858135556565658,2016,0
61431625391709563403,2016,1
61476899419926563258,2016,1
61713903139750563692,2016,2
61781692411976564903,2016,0
61860265566187568265,2016,0
61881603493527563803,2016,3
61884108383559563884,2016,0
61885203363546563899,2016,3
61935284464177565999,2016,2
61983565463435564525,2016,1
65041665843665568203,2016,3
65044625323685568233,2016,3
65200208561759563465,2016,0
65203525596300563425,2016,0
65203992165867563492,2016,1
65213908355171563692,2016,3
65243599125254563225,2016,2
65271633363861565603,2016,0
65273503192580565625,2016,3
65273999453835565692,2016,3
65275203195540565699,2016,2
65275299822578565699,2016,3
65281992689201564408,2016,3
65301658392755564503,2016,0
65481615396046564403,2016,1
65511925681918564908,2016,1
65531903139076565608,2016,0
65661692932127564903,2016,3
65663925998280564992,2016,1
65693984156800565692,2016,3
65723992324423564492,2016,3
65734103525926563684,2016,3
65753515025899563425,2016,0
65755208365678563499,2016,3
65853508194599563825,2016,1
65884115356488563884,2016,0
65894684166548568233,2016,0
65895258466102568299,2016,1
65901358330686564515,2016,3
65901665493453564503,2016,2
65940233520031565965,2016,2
65941933340869565908,2016,3
65943533462975565925,2016,1
65946899394211565958,2016,2
65970215568233564965,2016,0
68070265681626564565,2016,1
68071358391843564515,2016,0
68093558392389565925,2016,0
68113515460364563825,2016,0
68126808391421564458,2016,2
68141615029596564403,2016,2
68210203356219563665,2016,1
68233584444664568225,2016,0
68316825597780563458,2016,0
68431903688816563408,2016,0
68434633526394563433,2016,1
68436815466356563458,2016,0
68471384398723563215,2016,0
68621325397089564915,2016,0
68623903357353564992,2016,0
68624608527007564933,2016,0
68644615161128563433,2016,0
68714684525146563633,2016,0
68860284166154568265,2016,1
72003592190933568276,2016,0
72004684356194568221,2016,3
72011358190604564553,2016,0
72011358591869564553,2016,2
72041384024660568253,2016,0
72044684389411568221,2016,2
72051625466793564964,2016,1
72101615196415583864,2016,1
72244684387468563221,2016,2
72246825192410563285,2016,0
72260299385266583294,2016,3
72264684525288563221,2016,3
72360233350450565994,2016,0
72455292491346563474,2016,0
72481315461253564453,2016,3
72481615591236564464,2016,3
72485292449559564474,2016,1
72546808415967563685,2016,2
72603515199574564476,2016,0
72606892394474564485,2016,3
72660215563333564994,2016,3
72661925681918564989,2016,1
72671908165715583689,2016,3
72674608527883563621,2016,3
72696815199063565685,2016,2
72753925561080563412,2016,3
72771615462036563864,2016,2
72771615490334583864,2016,1
72771933687572563889,2016,0
72773599397537563876,2016,1
72774108164578563857,2016,0
72774115343537563857,2016,0
72774615523561563821,2016,3
72775215447590563874,2016,0
72775225467583563874,2016,3
72781365198200564953,2016,2
72783565028274564976,2016,0
72784165685409564957,2016,1
72810292351754563494,2016,3
72815225496377563474,2016,0
72815233411157563474,2016,1
72831999684104565989,2016,3
72834199564184565957,2016,0
72834699324190565921,2016,1
72906815196973564585,2016,3
72931699492336565964,2016,0
72933933132389565912,2016,2
72965203493051565674,2016,0
76184133520711565684,2016,0
76314192528885563484,2016,0
76323965342682563292,2016,0
76331633418465563603,2016,0
76331908346672563608,2016,0
76376884199980563258,2016,3
76381658361576564503,2016,0
76383558190603564525,2016,0
76383565466989564525,2016,3
76443515366029564425,2016,0
76491958350916568208,2016,0
76495258599368568299,2016,2
76583508413580563825,2016,0
76584115342010583884,2016,1
76591965323376564908,2016,0
76595265397388564999,2016,0
76610284584971565965,2016,0
76635233823184563899,2016,3
76651633410890565903,2016,0
76843965168082564992,2016,2
76951603022869564403,2016,3
76953515461219564425,2016,0
83021365393314564915,2016,0
83163984357696565692,2016,3
83191399195718563615,2016,0
83193533197873563625,2016,3
83193933485953563692,2016,0
83355225025677563499,2016,1
83684625521663564533,2016,2
83686825415319564558,2016,2
83921692393930564403,2016,1
83935233464157565999,2016,0
88012535953042292893,2016,1
88013407479542293793,2016,2
88018698911620292853,2016,0
88052222306353299320,2016,0
88072651434382298828,2016,0
88077551913037292837,2016,1
88229925780929298229,2016,0
88272678430682292028,2016,1
88320550631337299337,2016,1
88322541060942298293,2016,0
88383281436829292929,2016,0
88389201434593295342,2016,0
88391478474528295382,2016,0
88400501631937294237,2016,2
88409835066542292093,2016,0
88575948959129292929,2016,2
88594034914737290437,2016,1
88720178956393299342,2016,0
88726641451342299393,2016,3
88855733938904328888,2016,2
88905639457182298828,2016,0
88906100061929294229,2016,3
88907505091937294237,2016,0
88908470634320298853,2016,3
90011365461631564515,2016,2
90176815024537563858,2016,1
90301958521623564508,2016,1
90516825398219564958,2016,3
90724192354494564484,2016,1
92050265353373564994,2016,3
92066833199862565685,2016,0
92121692023992564464,2016,0
92121915683929564489,2016,0
92124199383965564457,2016,2
92124615563990564421,2016,0
92204615345825563421,2016,0
92210208359750563694,2016,1
92210208565751563694,2016,3
92226833444962565985,2016,1
92234158684010568257,2016,1
92271603827676565664,2016,2
92291358820918568253,2016,2
92296858490913568285,2016,0
92374184165274563257,2016,0
92401933320838585989,2016,0
92401999384241565989,2016,0
92485284843902564474,2016,0
92536803393891565685,2016,1
92574603451938564921,2016,0
92575265466756564974,2016,3
92646825398873563485,2016,1
92661665443328564964,2016,1
92665265026722564974,2016,0
92681965521579564589,2016,0
92691333412596565653,2016,3
92691633462540565664,2016,0
92691692926814565664,2016,0
92693584656821565676,2016,2
92701908138415563689,2016,0
92723592494480564476,2016,3
92740284163284563294,2016,0
92741658394794563264,2016,0
92743584393704563276,2016,2
92746899593288563285,2016,0
92751325087703563453,2016,1
92760265383481564594,2016,1
92765258443488564574,2016,1
92771315947595563853,2016,0
92775215784357563874,2016,0
92806808080256563685,2016,1
92806899825973563685,2016,1
92830233160491565994,2016,3
92851633443560563864,2016,1
92853908134567563812,2016,0
92874199565226563257,2016,0
92876858823247563285,2016,0
92884615453555563821,2016,0
92895258024077568274,2016,3
92901958139698564589,2016,1
92946833392384565985,2016,0
92975215828225564974,2016,0
92980258359605564594,2016,2
92986858497947564585,2016,0
93071325191696564515,2016,0
93071365466935564515,2016,0
93071665196912564503,2016,0
93074115162765564584,2016,3
93074165351802564584,2016,1
93093965468973565958,2016,0
93095265418988565999,2016,2
93113915527520563892,2016,2
93201325461306563415,2016,3
93221333828682585915,2016,1
93224133388678565984,2016,1
93325299399955563299,2016,0
93401399390895565915,2016,2
93433592418880563425,2016,1
93434103528561563484,2016,3
93434192356322563484,2016,1
93475299417455583299,2016,3
93543508410287563625,2016,2
93573565447304564925,2016,1
93575265367309564999,2016,0
93620233412113564999,2016,1
93621615197092564903,2016,2
93621665418279564903,2016,3
93621965192131564925,2016,2
93624625137336564933,2016,2
93713908465726563658,2016,1
93761365592779564515,2016,1
93790299689033565665,2016,0
93791933136892565608,2016,3
93795284199030565699,2016,0
93860284166173568265,2016,2
93863584393624568225,2016,3
93863584393624568225,2016,1
93974165353362564984,2016,0
93986865463497564558,2016,2
94034625381376563433,2016,2
94153558417667565625,2016,1
94153903163029565692,2016,0
94153903456833565692,2016,1
94230258456135568265,2016,0
94231965253660568208,2016,0
94231984033690568208,2016,1
94251658025360564503,2016,1
94253958521681564592,2016,1
94304158521563564584,2016,3
94343503413043565625,2016,0
94343503413043565625,2016,3
94343533197608565625,2016,0
94345203463090565699,2016,1
94361384398981565915,2016,0
94364633160093565933,2016,0
94373599024754563225,2016,3
94381658829612564503,2016,0
94453925168518563492,2016,1
94456825391051563458,2016,1
94456892191133563458,2016,3
94494658689460568233,2016,0
94510265357151564965,2016,2
94513525197373564925,2016,1
94564103526499563884,2016,1
94593565442154564925,2016,1
94594165565466564984,2016,0
94613999454282565992,2016,0
94650233520464565965,2016,2
94655233460862565999,2016,1
94656899028980565958,2016,3
94824699685785563633,2016,1
94825208825965563699,2016,0
94844665687398564933,2016,0
94921692193955564403,2016,2
94923992681420564492,2016,1
94924192524474564484,2016,1
94953592419203564425,2016,0
94990299459932563265,2016,0
94993965527482563292,2016,0
94995299418711563299,2016,0
95011365195344564553,2016,1
95070265383497564594,2016,0
95073533441874564576,2016,0
95091333822331565953,2016,0
95101608396416563864,2016,0
95105208026494563874,2016,2
95141392366031564453,2016,2
95183599416821565676,2016,3
95281615394461564464,2016,0
95284115343922564457,2016,1
95296884494617568285,2016,2
95314692131388563421,2016,3
95374684135261563221,2016,2
95406833490866565985,2016,3
95431392466316563453,2016,2
95436833826354563485,2016,1
95471684443776563264,2016,0
95474684164798563221,2016,1
95475258194736563274,2016,0
95503925351164563412,2016,0
95545208026698563674,2016,0
95620265528057564994,2016,1
95625233367030564974,2016,1
95710208526626563694,2016,3
95711384595131563653,2016,3
95711392595144563653,2016,0
95730203135199563694,2016,2
95735203396205563674,2016,1
95736803415919563685,2016,0
95860225386554568294,2016,0
95864684348372568221,2016,1
95866884416570568285,2016,0
95871399022444563253,2016,1
95871658393218563264,2016,0
95871684413709563264,2016,0
95934184164197565957,2016,3
95964133166885565657,2016,1
98121303419272564415,2016,2
98213558417808563625,2016,3
98311392021748563415,2016,2
98376884412652563258,2016,1
98530233562582565665,2016,1
98534699523872565633,2016,3
98574192356762564984,2016,3
98576815393367564958,2016,0
98633508395052563825,2016,3
98633915353567563892,2016,1
98640208565866563465,2016,2
98643508198889563425,2016,3
98644633131090563433,2016,3
98646815825856563458,2016,1
98646858411059563458,2016,0
98701908526604563608,2016,0
98701908526604563608,2016,0
98704108135737563684,2016,3
98740265325259563265,2016,2
98744158528777563284,2016,3
98746815022659563258,2016,1
98773908383580563892,2016,0
98894665454660568233,2016,0
98901658361695564503,2016,0
98941333134986565915,2016,0
98943525460067565925,2016,0
98943984344119565992,2016,1
02071965133498564549,2019,1
02071984685390564549,2019,0
02093533460864565938,2019,3
02094108168910565959,2019,3
02111315397506563834,2019,3
02111608023130563845,2019,3
02114608682046563882,2019,1
02114633526411563882,2019,0
02115215412062563832,2019,3
02116833193182563856,2019,2
02143908351271564444,2019,0
02143908351271564444,2019,0
02145299461293564432,2019,0
02146825191288564456,2019,1
02146858191284564456,2019,1
02264658683256563282,2019,2
02531933520753565649,2019,2
02601615393972564445,2019,3
02611333824950565934,2019,1
02621625398269564945,2019,2
02626825418232564956,2019,0
02674108358409563659,2019,1
02716803199777563656,2019,0
02716803199777563656,2019,0
02716808418433563656,2019,3
02716858195777563656,2019,2
02716858195777563656,2019,2
02861658193676568245,2019,2
02861984138389568249,2019,0
02863525399400568238,2019,1
02931633194990565945,2019,0
05005292410990568232,2019,0
05013965561849564544,2019,3
05015258361890564532,2019,0
05016858190663564556,2019,0
05106815593588563856,2019,2
05241615412440563245,2019,3
05453525198589563438,2019,1
05481315391239564434,2019,0
05483558394823564438,2019,0
05600292527262564436,2019,0
05601692464495564445,2019,3
05604699681428564482,2019,1
05661925166789564949,2019,1
05666865198092584956,2019,3
05690203680187565636,2019,0
05751925386318563449,2019,0
05753599397703563438,2019,3
05771915160369563849,2019,0
05783992351903564944,2019,0
05803903450241563644,2019,2
05803984356606563644,2019,1
05831933562976565949,2019,0
05833599828904565938,2019,3
05901933686923564549,2019,3
05906825196963564556,2019,3
05930299358903565936,2019,3
09003958283634568244,2019,2
09044125529347568259,2019,1
09101315445044563834,2019,0
09104108525009563859,2019,3
09203525468547563438,2019,0
09243584029924563238,2019,2
09244699132609563282,2019,3
09260284169121563236,2019,0
09320299152699563236,2019,3
09321699848798563245,2019,1
09341903160189565649,2019,0
09343933533819565644,2019,1
09364184458952565959,2019,2
09384665686968564582,2019,0
09440215169554564436,2019,2
09441992164495564449,2019,2
09443992564450564444,2019,1
09445215441277564432,2019,0
09451992155649563449,2019,0
09453925521096563444,2019,1
09481615364453564445,2019,0
09485292396055564432,2019,0
09491984354076568249,2019,2
09535233522583565632,2019,0
09565215412077563832,2019,0
09593525468052564938,2019,0
09601992519555564449,2019,2
09663925167079564944,2019,2
09671908667860563649,2019,2
09693503469824565638,2019,3
09694103350109565659,2019,0
09735203025713563632,2019,0
09784165566799564959,2019,2
09786825361985564956,2019,2
09801903380255563649,2019,1
09804699687890563682,2019,0
09811625191795563445,2019,2
09811625306355563445,2019,0
09811903527789563449,2019,1
09833584462371565938,2019,0
09833958162364565944,2019,2
09901608391892564545,2019,1
09904125351666564559,2019,3
09904625351863564582,2019,1
09931633590434565945,2019,1
09933599824124565938,2019,3
09965233873893565632,2019,2
09974625356739564982,2019,0
10113515394523563838,2019,1
10114603165068563882,2019,3
10115208823536563832,2019,3
10140215687270564436,2019,1
10206899465632563456,2019,3
10271333416895565634,2019,2
10275203022592585632,2019,0
10401384390828565934,2019,2
10433592416345563438,2019,0
10471684469198563245,2019,0
10474699169930563282,2019,0
10711908165133583649,2019,1
10761358197969564534,2019,3
10795284393038565632,2019,0
10865258394055568232,2019,1
10871999353215583249,2019,0
10911384592428563234,2019,2
10980225681526564536,2019,1
11003584633649568238,2019,0
11013558461803564538,2019,0
11046884466578568256,2019,3
11101315203518563834,2019,0
11204103681085563459,2019,1
11204692358546563482,2019,0
11243584445267563238,2019,0
11244125683765563259,2019,3
11261999053255563249,2019,2
11280215453967564436,2019,1
11296892419324568256,2019,0
11321984352439563249,2019,2
11323584193791563238,2019,0
11384158520611564559,2019,3
11385265330625564532,2019,0
11453592191726563438,2019,3
11483508413941564438,2019,1
11590225133352564936,2019,0
11590225133352564936,2019,3
11590265328078564936,2019,1
11591692025434564945,2019,0
11600292349245564436,2019,0
11603592592821564438,2019,2
11603592634803564438,2019,0
11604692566092564482,2019,3
11673908487803563644,2019,0
11734199687813563659,2019,3
11750203521732563436,2019,0
11771915168123563849,2019,3
11773533198103563838,2019,0
11800208529750563636,2019,1
11810203357764563436,2019,0
11821333410520563634,2019,0
11870225522624563236,2019,0
11934133524240565959,2019,0
12333503448433563676,2019,0
12335208395925563674,2019,2
12371699089992563264,2019,2
12454125321747563457,2019,1
12510215687164564994,2019,3
12513565022189564976,2019,3
12566803194385563885,2019,3
12581608196439563864,2019,0
12613933350008565912,2019,0
12861384594623568253,2019,2
12921692024414564464,2019,3
12925215469236564474,2019,0
12951908323968564489,2019,0
12994658137483563221,2019,1
13011658021607564545,2019,0
13076858413451564556,2019,2
13076865191867564556,2019,0
13093908358979565944,2019,1
13093984350467565944,2019,0
13114615523117563882,2019,3
13266899029911563256,2019,0
13424184684622568259,2019,0
13471992687444563249,2019,1
13473958197457563256,2019,3
13476884527495563282,2019,0
13621692417025564945,2019,2
13625225028240564932,2019,0
13625225392155564932,2019,2
13711303465950563634,2019,0
13713525395799563638,2019,1
13715215465763563632,2019,1
13716803199710563656,2019,0
13861358469481568234,2019,3
14003984166500568212,2019,2
14103915354303563812,2019,2
14260299802450563294,2019,1
14265284362483563274,2019,2
14321999329998563289,2019,1
14451692416338563464,2019,2
14660225686719564994,2019,2
14665265413363564974,2019,0
14665265413363564974,2019,0
14694699353055565621,2019,0
14771333193142563853,2019,1
14805284020557563674,2019,0
14825233190583563674,2019,2
14833599410421565976,2019,0
14964603529836565621,2019,0
17000284569399568236,2019,3
17006884419457568256,2019,0
17015258461898564532,2019,3
17016858190677564556,2019,3
17031625411392563445,2019,1
17041684449393568245,2019,1
17053565412104564938,2019,2
17100215357581563836,2019,3
17103503368189563838,2019,0
17103908525049563844,2019,2
17261399823703563234,2019,0
17261984562634563249,2019,3
17263984325200563244,2019,0
17263999687450563244,2019,0
17451625028553563445,2019,0
17451692591348563445,2019,0
17600292386082564436,2019,0
17604192166085564459,2019,2
17661625022114564945,2019,0
17674608520272563682,2019,3
17691603413853565645,2019,2
17691933457698565649,2019,3
17751625598583563445,2019,0
17751625598583563445,2019,3
17753992355604563444,2019,1
17775215594597563832,2019,1
17775225467585563832,2019,3
17776825197570563856,2019,3
17784625162161564982,2019,3
17786825591911564956,2019,0
17833533822343565938,2019,0
17833533822343565938,2019,0
17834699524161565982,2019,1
17835299498922565932,2019,0
17836833492384565956,2019,3
17931333414989565934,2019,0
17935284418659565932,2019,0
17966803193011565656,2019,0
22000284569332568236,2019,0
22001358596189568234,2019,0
22001984456172568249,2019,0
22003558826137568238,2019,3
22014658355307564582,2019,2
22054165136717564959,2019,1
22101315410304563834,2019,0
22241365599943563234,2019,0
22243503392426563238,2019,0
22244699523256583282,2019,0
22245299365292583232,2019,1
22263558495267563238,2019,1
22264184139156563259,2019,2
22264184165265563259,2019,1
22481325024892564434,2019,0
22486892496066564456,2019,2
22604192453987564459,2019,0
22605292494830564432,2019,0
22661303028079564934,2019,3
22671303595103563634,2019,3
22673599020545563638,2019,3
22753915455831563444,2019,0
22754633527739563482,2019,1
22756825398882563456,2019,0
22771658417501563845,2019,3
22773558397591563838,2019,1
22774115328162563859,2019,0
22774192167551563859,2019,0
22781365192123564934,2019,2
22781625597016564945,2019,2
22781625821940564945,2019,3
22781665468261564945,2019,0
22784165166726564959,2019,0
22800208359703563636,2019,0
22800292136657563636,2019,2
22801308445150563634,2019,2
22815225461309563432,2019,0
22831984680425565949,2019,2
22844665161948564982,2019,3
22900233136964564536,2019,3
22901365591827564534,2019,3
22903565441867564538,2019,2
22905225415325564532,2019,2
22905258463463564532,2019,1
22906803196971564556,2019,3
22934684564146565982,2019,0
22960299160764565636,2019,0
22964158520777565659,2019,3
28214633355746563621,2019,0
28531333190127565653,2019,0
28641392461008563453,2019,1
28740258525257563294,2019,3
28751325491315583453,2019,0
28763515465319564576,2019,0
28854108164599563857,2019,3
28893984193615568212,2019,1
36053992567081564944,2019,0
36053999162154564944,2019,0
36061999350768565649,2019,0
36201333135643563436,2019,3
36204625165658583482,2019,1
36224684520056565982,2019,3
36225233594993565932,2019,3
36271684353864565644,2019,1
36273999356849565644,2019,0
36283915194478564456,2019,2
36283915194478564456,2019,3
36293525023691568238,2019,0
36294692163622568282,2019,0
36294692163622568282,2019,0
36341992529889565649,2019,3
36343933689804565644,2019,0
36344133163852565659,2019,0
36344133163852565659,2019,0
36380258137944584536,2019,1
36381358025323564534,2019,0
36383565021633564538,2019,1
36405225394980565938,2019,0
36423984359354568244,2019,0
36424184359324568259,2019,0
36441392826020564434,2019,3
36444192161274564459,2019,1
36444633162811564482,2019,0
36445215192855564432,2019,2
36446892496070564456,2019,0
36451392821012563434,2019,1
36453525598529563438,2019,1
36453925341367563444,2019,0
36495284824678568232,2019,1
36505225391085563432,2019,0
36531999136849565649,2019,0
36551965689648564549,2019,3
36554158527997564559,2019,0
36563558022054563838,2019,0
36566808393502563856,2019,0
36593965522100564944,2019,0
36643915161315563444,2019,3
36644115681363563459,2019,2
36731915395919563638,2019,2
36733525025903563638,2019,1
36734133355970563644,2019,0
36734603025942563634,2019,1
36743984687450563244,2019,3
36761658465372564545,2019,2
36881325464584563832,2019,2
36881908164559563859,2019,2
36885203394542563838,2019,0
36915299395284563232,2019,0
36971903398243564938,2019,3
36980233683496564549,2019,0
36981933683416564549,2019,1
39123992681471564412,2019,0
39145292681269564489,2019,0
39261984165295563289,2019,1
39431984688579563489,2019,0
39621358022195564953,2019,1
39621992138225564989,2019,0
39631615463548563864,2019,0
39816825395817563485,2019,0
39950292139299564494,2019,3
40120299526002564436,2019,2
40121908352839564449,2019,3
40186833399819565656,2019,0
40211333460244563634,2019,0
40215203465901563632,2019,0
40301965680615564549,2019,3
40370299358773563236,2019,3
40530258520197565636,2019,0
40531333196843565634,2019,1
40533958160135565644,2019,0
40575292396763564932,2019,0
40640215521059563436,2019,1
40643592411070563438,2019,2
40643915521316563444,2019,3
40645208021078563432,2019,2
40665225398036564932,2019,3
40741384413743563234,2019,1
40743558393233563238,2019,2
40744158685240563259,2019,2
40744684357410563282,2019,1
40765265029661564532,2019,3
40801908166669563649,2019,2
40850203353182563836,2019,0
40854199353599563859,2019,1
40940258680033565936,2019,0
40944133358947565959,2019,1
40944184164932565959,2019,2
44054692526777564921,2019,0
44201903395649563476,2019,0
44205203195665563474,2019,0
44281699414414564464,2019,1
44281699414414564464,2019,0
44291999393667568276,2019,0
44321658468753563264,2019,3
44455225461185563474,2019,0
44595265462159584974,2019,0
44821608495745583664,2019,0
44884603024528563853,2019,3
46014125135385564559,2019,0
46071665355303564544,2019,0
46073515396949564538,2019,0
46101303410381563834,2019,0
46140215169535564436,2019,0
46143508161274564459,2019,0
46143558391264564438,2019,2
46144192354409564459,2019,0
46145208469565564432,2019,2
46145299461265564432,2019,2
46261358419904563234,2019,2
46370299563259563236,2019,2
46433592466331563438,2019,0
46474184353278563259,2019,2
46474699135261563282,2019,2
46501325191396563434,2019,1
46513565338224564938,2019,3
46540208520262563636,2019,1
46551358391548564534,2019,0
46621692417038564945,2019,0
46624625022148564934,2019,1
46633915344580563844,2019,3
46711308465192563634,2019,0
46711399026679563634,2019,0
46713933359735563644,2019,3
46714184165709563659,2019,3
46714608135909563682,2019,1
46784692351958564982,2019,0
46791325027612565634,2019,0
46795299023859565632,2019,3
46860233139457568236,2019,2
46860284164071568236,2019,0
46860284164071568236,2019,0
46861992688301568249,2019,0
46863558394020568238,2019,3
46865225468338568232,2019,0
46866884196147568256,2019,2
46891984520906568249,2019,1
46936884398924565956,2019,1
48061303416869565653,2019,3
48261984165244563289,2019,0
48421384023689568253,2019,1
48523584467454563276,2019,2
48523925167473563212,2019,2
48651384024935565953,2019,0
48685258391551564574,2019,0
51014692521690564582,2019,2
51054165136763564959,2019,3
51095233024211565932,2019,0
51103933353519563844,2019,3
51111333593145563834,2019,0
51236825024656568256,2019,0
51274603163022565682,2019,1
51286803464819564456,2019,0
51401633364148565945,2019,1
51620225327078564936,2019,2
51621665395498564945,2019,2
51783925162180564944,2019,3
51861308596149568234,2019,0
51866858419419568256,2019,0
51984625321628564582,2019,1
51986858467921564556,2019,3
56066803026857565656,2019,1
56211308395142563634,2019,0
56223933354282565944,2019,1
56271633353886565644,2019,0
56273565163891565659,2019,0
56273999132564565644,2019,1
56275284022562565632,2019,2
56275299393873565638,2019,0
56281608354408564444,2019,2
56320299529967563236,2019,3
56361933138944565949,2019,3
56381365821634564534,2019,0
56381615462709564545,2019,0
56401399464946565932,2019,2
56401399464946565932,2019,2
56401615464998565945,2019,0
56401915394926565938,2019,2
56420265139331568236,2019,3
56420265139331568236,2019,2
56443933682881564444,2019,1
56491684199434588245,2019,1
56495284194605568232,2019,1
56531903136827565649,2019,0
56561908166439563849,2019,2
56563515416421563838,2019,2
56564115453517563859,2019,0
56733525025964563638,2019,1
56733999195921563656,2019,0
56743599462491563238,2019,3
56745299022497563232,2019,0
56760265526933564536,2019,1
56821308020508563634,2019,3
56851908137500563849,2019,0
56851915353142563849,2019,0
56871333133262563236,2019,2
56871958139941563249,2019,1
56884125414576563845,2019,3
56891684394672568245,2019,3
56971399028234564934,2019,3
56971903398235564938,2019,0
56983915193485564556,2019,0
57030225165681563436,2019,2
57030292135821563436,2019,0
57034115358594563459,2019,0
57081684023628568245,2019,2
57154133162559565659,2019,0
57253915525318564544,2019,2
57254165139659564559,2019,0
57301665467960564545,2019,0
57306808027978564556,2019,3
57310225358597563436,2019,0
57331984527869563649,2019,0
57333908456603583644,2019,0
57333933687820563644,2019,2
57343903383053565644,2019,2
57345233443025565632,2019,1
57345233443025565632,2019,1
57365258490493565932,2019,3
57373984359980563244,2019,0
57451984457708563449,2019,3
57511925132108564949,2019,0
57560208526457563836,2019,0
57614158358605565959,2019,1
57701908688495563649,2019,3
57821603369738563645,2019,3
57843525393321564938,2019,3
57843925522175564944,2019,0
57925215469213564432,2019,0
58056865448254564956,2019,1
58203925681073563444,2019,1
58243925155221563244,2019,0
58283915329229564444,2019,0
58406899464999565956,2019,0
58423584593654568238,2019,0
58570215131951564936,2019,0
58571365393396564934,2019,2
58701903385948563649,2019,3
58740284383247563236,2019,1
58741384825248563234,2019,2
58741925685248563249,2019,0
58751608921361563445,2019,3
58751692921734563445,2019,3
58761692441644564545,2019,0
58761965385341564549,2019,0
58764158131817564559,2019,3
58774115323185563859,2019,3
58774603160330563882,2019,2
58801308087829563634,2019,3
58801908685976563649,2019,3
58803533650503563638,2019,0
58830299994251565936,2019,0
58831333594945585934,2019,0
58836899824954565956,2019,3
58851333023541563834,2019,2
58875299442440563232,2019,2
58876884193702563256,2019,0
58891658823653568245,2019,0
58894658564625568282,2019,1
58906815823466564556,2019,2
58941684414168565945,2019,2
58970265528054564936,2019,0
58971965342129564949,2019,2
59205215195651563432,2019,2
59215203026659563632,2019,2
59270203133899585636,2019,0
59274633133826565636,2019,0
59276858023823565634,2019,0
59276884523856565682,2019,0
59281303414496564434,2019,0
59291365133662568236,2019,2
59291399023614568234,2019,3
59293915193619568256,2019,0
59320284567424563236,2019,0
59321384469972563234,2019,3
59364133134165585959,2019,0
59441915529253564449,2019,3
59443515022831564438,2019,0
59443515024849564438,2019,0
59446808399221564456,2019,0
59454633168825563482,2019,3
59456825191084583456,2019,3
59493958132245568244,2019,3
59501925351130563449,2019,0
59505225391077563432,2019,0
59533933169004565644,2019,3
59551658199693564545,2019,2
59576825418021564956,2019,3
59581915684555563849,2019,3
59591925355408564949,2019,2
59593565392182584938,2019,1
59651999684939565949,2019,0
59725203131206564449,2019,0
59731633398412563645,2019,3
59734165135988563659,2019,1
59851908526415563849,2019,0
59873525413227563245,2019,1
59941984528900565949,2019,2
59971308138273564936,2019,1
59981358463422564532,2019,0
60075265411840564574,2019,0
60116808443551563885,2019,0
60141992164886564489,2019,0
60474165132432563257,2019,0
60641925681708563489,2019,3
60715203419784563674,2019,1
60873584199904563276,2019,2
61071965352723564549,2019,1
61090233520462565936,2019,0
61104615523556583882,2019,0
61113915386449583844,2019,3
61114615346415583882,2019,2
61141315191241564434,2019,3
61184133356885565659,2019,1
61205225028597563432,2019,0
61260284135232563236,2019,0
61273503823875565638,2019,2
61280292681226564436,2019,2
61371358465249563234,2019,0
61421684448314568245,2019,1
61434115455862563459,2019,2
61473599597423563238,2019,2
61473999562615563244,2019,0
61515215391911564932,2019,1
61621608823394564945,2019,1
61623965162106564944,2019,3
61711603825914563645,2019,0
61711608827896563645,2019,2
61711933345941563649,2019,1
61715203196251563632,2019,0
61716808027874563656,2019,2
61734603320277563682,2019,2
61786825191911564956,2019,1
61795233593046565632,2019,0
61871399198748563234,2019,1
61871684419944563245,2019,0
61871999325212563249,2019,0
61881903523541563849,2019,2
61951615193979564445,2019,0
61961903686856585649,2019,1
61970225137091564936,2019,1
61976865363373564956,2019,1
62013592026919564538,2019,2
62044158384610568259,2019,3
62241399465234583234,2019,0
62326899492410563256,2019,1
62341903386860565649,2019,0
62343503369086565638,2019,2
62386858192774564556,2019,0
62441903527260564449,2019,1
62451608026338563445,2019,0
62454192458588563459,2019,1
62456825497766563456,2019,0
62486833419573564456,2019,2
62561315397523563834,2019,0
62594625685438564982,2019,1
62661915137007564949,2019,2
62663903136741564944,2019,0
62666865025466564956,2019,0
62674608297885563682,2019,0
62676808369770563656,2019,0
62691684020198565645,2019,3
62694158683066565659,2019,2
62771308195027563834,2019,2
62783965486733564944,2019,1
62785265872159564932,2019,1
62803533020535563638,2019,0
62806808468410563656,2019,3
62811992346334563449,2019,0
62813525821329563438,2019,0
62816825411085563456,2019,0
62833533410029565938,2019,0
62964633683063565682,2019,0
62981658023453564545,2019,0
63076892821891564556,2019,1
63100208133559563836,2019,0
63100208133559563836,2019,0
63115208440301563832,2019,0
63140215529278564436,2019,2
63141692026055564445,2019,3
63260299527462563236,2019,0
63431925131730563449,2019,0
63621692497038564945,2019,0
63671933680238563649,2019,0
63713908356264563644,2019,3
63790299350150565636,2019,0
63794158343022565659,2019,0
63861958529323568249,2019,1
63861984139479568249,2019,3
63880203353535563836,2019,3
63931399024104565934,2019,0
63955203393955564432,2019,0
65041308334641568234,2019,1
65041658218330568245,2019,0
65043984568364568244,2019,0
65124108454402564459,2019,3
65186803412557565656,2019,0
65243958159108563244,2019,0
65274633359061565682,2019,1
65276803463897565656,2019,2
65401333194242565934,2019,0
65530203452531565636,2019,2
65533903160169565644,2019,2
65533903160169565644,2019,2
65535299020713565632,2019,3
65543508595937563638,2019,1
65573565493371564938,2019,0
65611333444981565934,2019,0
65661965038049564949,2019,0
65661992388253564949,2019,0
65691933539048565649,2019,3
65693533362564565638,2019,0
65694684769036565682,2019,2
65736808490263563656,2019,3
65741999683779563249,2019,0
65750225031333563436,2019,0
65756815655613563456,2019,3
65761365391581564534,2019,2
65766865029652564556,2019,1
65774115688151563859,2019,0
65774115688151563859,2019,0
65830299520082565936,2019,1
65834633818617565982,2019,1
65851608360376563845,2019,1
65895284364658568232,2019,1
65896858593691568256,2019,0
65905225363461564532,2019,2
65905258577984564532,2019,0
65914699522492563282,2019,3
65940299324105565936,2019,2
65943533490891565938,2019,0
65954192329285564459,2019,1
65970225565484564936,2019,1
65984625320625564582,2019,0
65984625320625564582,2019,1
65984658521877564582,2019,3
66020292681970564936,2019,2
66131633396498563845,2019,2
66194608358490563682,2019,0
66351908161349563449,2019,1
66391308191235564434,2019,1
66521925137414563249,2019,2
66524684139912563282,2019,2
66681658391561564545,2019,2
66681658391561564545,2019,2
66994684355228563282,2019,0
72043584829326568276,2019,3
72101615195083563864,2019,0
72425284418361568274,2019,0
72483558394820564476,2019,0
72663925451919564912,2019,3
72664615323395564921,2019,0
72690233347657565694,2019,0
72775225467583563874,2019,0
72780203167131564994,2019,3
72805208595194563674,2019,0
72811925681333583489,2019,3
72815292497777563474,2019,3
72900258681567564594,2019,3
72965203412501565674,2019,3
77023925162129564944,2019,1
77023925162129564944,2019,3
77034615525639563482,2019,0
77051325411964564934,2019,2
77161365197644565634,2019,2
77164199833887565659,2019,0
77165203392557565632,2019,2
77191333025739563634,2019,3
77253925353470564544,2019,2
77350203528574563436,2019,2
77354125135687563459,2019,1
77355208245640563432,2019,0
77461684398976565945,2019,2
77464658358940565982,2019,3
77466833418911565956,2019,0
77511365418242564934,2019,3
77553558411604564538,2019,3
77683525411680564538,2019,1
77684625355393564582,2019,2
78070225681875564536,2019,0
78073558443464564538,2019,0
78074665352776564582,2019,0
78094199134259565959,2019,3
78111903353169563849,2019,1
78280233164466564436,2019,0
78285292029207564432,2019,1
78404684684948565982,2019,0
78431992525669563449,2019,1
78476858392410563256,2019,0
78624665687363564982,2019,3
78624692168010564982,2019,0
78711303199734563634,2019,2
78714633359717563682,2019,1
78796833416810565656,2019,0
78884615350307563882,2019,1
78984608683488564582,2019,0
83023903162170564944,2019,1
83025225393325564932,2019,2
83031992131389563449,2019,0
83130215524580563836,2019,2
83193933137823563644,2019,2
83196808195921563656,2019,1
83251965131648564549,2019,3
83393592394421564438,2019,0
83520299353250563236,2019,0
83526899419987563256,2019,0
83540208350251563636,2019,2
83543503410226563638,2019,0
83964133356859565659,2019,0
84046833084670568256,2019,3
84210208686231563636,2019,0
84214108356257563659,2019,0
84214199450246563659,2019,3
84216808390554563656,2019,1
84243999749903563244,2019,1
84483508496071564438,2019,3
84483515894821564438,2019,3
84614699352958565982,2019,0
84645292591322563432,2019,2
84664625163383564982,2019,0
84691684462536565645,2019,1
84696803000721565656,2019,2
84696803579088565656,2019,0
84741699392425563245,2019,2
84751325418515563434,2019,3
84755284841313563432,2019,0
84801603935790563645,2019,0
84801603935790563645,2019,0
84833965454934565944,2019,0
84871399198714563234,2019,0
84890284383643568236,2019,0
84943533024243565938,2019,3
84944133522910565959,2019,3
85084684132258568282,2019,3
85113515462037563838,2019,0
85150299687670565636,2019,1
85233925520949568244,2019,2
85301658591692564545,2019,2
85303558199681564538,2019,3
85323999353743563244,2019,3
85324192322459563259,2019,1
85381958321544564549,2019,0
85383965357908564544,2019,0
85444133521210564459,2019,3
85451325025681563434,2019,0
85456825448811563456,2019,0
85493584496181568238,2019,0
85495284194684568232,2019,0
85511625495483564945,2019,0
85511699365496564945,2019,3
85594625346785564982,2019,3
85595215467138564932,2019,1
85613533198687565938,2019,3
85613533198687565938,2019,3
85614133520866565959,2019,2
85631333464335563834,2019,1
85631915134553563849,2019,3
85635299825011563832,2019,2
85651684198939565945,2019,1
85651684198939565945,2019,1
85701908450276563649,2019,2
85843565411965584938,2019,1
85845225196702564932,2019,0
85924615324465564482,2019,0
85925233391298564432,2019,0
88043984528381568244,2019,0
88123933161286564444,2019,0
88124608131244564482,2019,0
88211333460292563634,2019,2
88213533417847563638,2019,0
88213933165703563644,2019,1
88215203465990563632,2019,0
88535233396858565632,2019,1
88634615354311563882,2019,0
88643915161075563444,2019,0
88741384462686563234,2019,0
88741684499961563245,2019,0
88743984167443563244,2019,0
88743999165279563244,2019,3
88854603160361563882,2019,0
88854603353511563882,2019,0
88944199130837565959,2019,2
92043999154696568212,2019,3
92201625597769563464,2019,0
92271633023096565664,2019,3
92406899824966565985,2019,0
92425284823662568274,2019,3
92533999356834565612,2019,2
92666865365458564985,2019,1
92691633462540565664,2019,0
92774103130356563857,2019,2
92894658454672568221,2019,0
92900258761521564594,2019,0
92980258130643564594,2019,3
92981658361565584564,2019,3
93075225392736564532,2019,0
93111933527534563849,2019,1
93114103026493563845,2019,1
93276833022517565656,2019,1
93293525193632568238,2019,2
93431615198836563445,2019,2
93431615198836563445,2019,0
93471684137406563244,2019,1
93473965168733563244,2019,0
93473984168720563244,2019,1
93474684164746563282,2019,2
93505225825884563432,2019,1
93625233352153564949,2019,0
93723915454833564444,2019,2
93855215362061563832,2019,3
93860258682226568236,2019,0
93863958469480568256,2019,1
93865284026161568232,2019,2
93871684195268563245,2019,0
93983565461531564538,2019,3
94031308468534563434,2019,3
94031915168568563449,2019,2
94074658321660564582,2019,1
94080292359305568236,2019,0
94156865027656565656,2019,0
94181633020753565645,2019,2
94250258326920564536,2019,3
94255225021876564532,2019,1
94311625491706563445,2019,2
94313992381769563444,2019,2
94360233354924565936,2019,0
94361333194148565934,2019,1
94361658590479565945,2019,3
94364633560483565982,2019,3
94371384197443563234,2019,0
94371625369130563245,2019,3
94373999134786563244,2019,0
94376892024767563256,2019,1
94380258340670564536,2019,3
94383965453464564544,2019,3
94386803366958564556,2019,3
94443599824833564438,2019,3
94510225357151564936,2019,0
94511392848250564934,2019,0
94561603026490563845,2019,2
94563515364503563838,2019,0
94583915684549563844,2019,1
94585215363501563832,2019,2
94586803413187563856,2019,1
94586808464556563856,2019,2
94590265562126564936,2019,3
94594665348058564982,2019,0
94611333398686565934,2019,2
94615233024963565932,2019,3
94631915136429563849,2019,3
94631999164389563849,2019,0
94634115682094563859,2019,0
94651333390481565934,2019,1
94821603396683563645,2019,0
94825258496611563632,2019,0
94923515026089564438,2019,1
94991365467441563234,2019,2
95070215381503564594,2019,0
95071333591823564553,2019,2
95114199343158563857,2019,0
95181399466818565653,2019,1
95271603592538585664,2019,0
95283515462841564476,2019,2
95871699397418563264,2019,0
95874184522465563257,2019,3
95874184522465563257,2019,3
95884615355093563821,2019,1
95910258322457563294,2019,0
95971925687028564989,2019,3
97121308193981564434,2019,1
97214608689722563682,2019,3
97216899396621563656,2019,3
97533533442589565638,2019,0
97536833392587565656,2019,3
97574615163346564982,2019,0
97574665687398564982,2019,3
97641308461395563434,2019,0
97641392595848563434,2019,2
97643592026347563438,2019,2
97643992687750563444,2019,1
97753525417774563438,2019,0
97805208820298563632,2019,2
97894125136546568259,2019,3
97894625139356568282,2019,3
97941399392914565934,2019,0
97945299398958565932,2019,1
97946858418926565956,2019,1
